date,home_team,away_team,home_outcome,avg_odd_home_win,avg_odd_draw,avg_odd_away_win,home_ranking,away_ranking,last_home_result,last_away_result
08/08/2015,2,1,0,7.024,3.303,3.748,20,17,0,0
08/08/2015,6,22,1,6.697,4.338,8.967,1,8,0,0
08/08/2015,8,24,1,6.842,3.514,4.852,11,19,0,0
08/08/2015,12,21,2,7.0,3.207,3.742,14,16,0,0
08/08/2015,15,23,2,6.477,3.651,5.318,4,5,0,0
08/08/2015,18,7,0,7.427,3.16,2.894,19,10,0,0
09/08/2015,17,19,1,7.63,3.198,2.689,15,7,0,0
09/08/2015,20,13,0,8.011,3.356,2.416,9,6,0,0
10/08/2015,25,14,0,9.263,4.136,2.105,13,2,0,0
14/08/2015,1,15,0,9.343,3.966,2.142,17,4,1,-1
15/08/2015,19,8,0,7.024,3.278,3.9,7,11,1,0
15/08/2015,21,18,0,7.358,3.148,3.019,16,19,-1,-1
15/08/2015,22,17,2,6.983,3.335,3.912,8,15,0,1
15/08/2015,23,20,1,6.887,3.446,4.498,5,9,-1,0
15/08/2015,24,25,1,7.246,3.199,3.175,18,13,1,-1
15/08/2015,26,12,0,7.202,3.257,3.229,12,14,1,-1
16/08/2015,7,0,0,9.465,3.953,2.11,10,3,0,-1
16/08/2015,14,6,2,6.869,3.268,3.537,2,1,1,-1
17/08/2015,13,2,2,6.526,4.224,7.071,6,19,1,1
22/08/2015,7,1,2,6.468,3.337,4.237,10,17,-1,0
22/08/2015,12,23,1,7.084,3.31,2.698,14,5,0,1
22/08/2015,15,17,1,6.034,4.607,8.468,4,15,1,0
22/08/2015,18,20,1,6.818,3.172,3.135,19,9,0,-1
22/08/2015,21,22,1,7.818,3.4,2.294,16,8,-1,0
22/08/2015,26,2,0,6.835,3.231,3.086,12,19,1,0
23/08/2015,8,14,0,8.504,3.983,2.075,11,2,1,0
23/08/2015,24,19,1,7.116,3.206,2.709,19,7,0,0
23/08/2015,25,6,0,9.549,4.079,2.131,13,1,-1,0
24/08/2015,0,13,1,6.081,3.567,4.6,3,6,1,-1
29/08/2015,1,21,1,6.406,3.278,4.167,17,16,0,-1
29/08/2015,2,12,1,6.602,3.283,3.277,18,14,1,1
29/08/2015,6,7,0,6.144,4.511,8.827,1,10,0,0
29/08/2015,13,26,0,6.181,4.603,8.137,6,12,1,1
29/08/2015,17,0,0,9.335,4.236,2.087,15,3,1,0
29/08/2015,20,25,0,6.413,3.225,3.992,9,13,-1,-1
29/08/2015,23,8,1,6.452,3.32,3.787,5,11,-1,-1
30/08/2015,19,18,2,6.477,3.282,3.666,7,19,0,1
30/08/2015,22,15,2,7.557,3.318,2.37,8,4,-1,-1
12/09/2015,7,14,0,8.754,4.226,2.076,10,2,0,0
12/09/2015,8,6,2,7.629,3.516,2.227,11,1,-1,0
12/09/2015,15,13,2,6.077,3.248,4.084,4,6,-1,-1
12/09/2015,18,2,2,6.289,3.248,3.003,18,18,-1,1
12/09/2015,24,22,2,6.536,3.187,2.757,19,8,0,-1
12/09/2015,25,19,1,6.796,3.186,2.56,13,7,1,0
13/09/2015,12,1,2,6.047,3.383,4.091,14,17,1,1
13/09/2015,21,23,0,7.741,3.589,2.204,16,5,0,1
14/09/2015,26,17,2,6.067,3.266,3.226,12,15,0,-1
19/09/2015,1,25,0,6.653,3.105,3.255,17,13,1,-1
19/09/2015,2,21,2,6.283,3.551,4.761,20,16,0,-1
19/09/2015,6,0,2,6.766,3.286,2.99,1,3,1,1
19/09/2015,17,24,0,6.817,3.204,2.934,15,20,-1,-1
19/09/2015,20,12,1,6.802,3.199,2.937,9,14,-1,1
19/09/2015,22,8,1,6.662,3.21,3.172,8,11,1,0
20/09/2015,13,18,1,6.243,3.618,5.224,6,18,0,-1
20/09/2015,19,15,0,7.29,3.205,2.525,7,4,1,0
20/09/2015,23,7,2,6.445,3.349,3.758,5,10,0,0
26/09/2015,12,0,0,8.337,3.89,2.123,14,3,-1,1
26/09/2015,13,1,2,6.292,3.82,6.393,6,17,-1,1
26/09/2015,17,6,1,9.637,4.18,2.078,15,1,0,1
26/09/2015,19,22,2,6.618,3.19,3.688,7,8,0,1
26/09/2015,20,2,2,6.955,3.207,2.887,9,19,0,-1
26/09/2015,23,14,2,8.031,3.71,2.172,5,2,1,0
26/09/2015,26,18,1,6.735,3.264,3.223,12,18,1,0
27/09/2015,24,7,0,6.954,3.17,2.919,20,10,0,1
28/09/2015,25,8,0,7.096,3.226,2.544,13,11,-1,-1
03/10/2015,1,20,0,7.259,3.195,2.948,17,9,-1,1
03/10/2015,2,24,1,6.997,3.223,3.484,19,20,0,1
03/10/2015,6,19,0,6.778,3.425,4.437,1,7,-1,1
03/10/2015,7,25,2,6.673,3.287,4.468,10,13,-1,-1
03/10/2015,18,12,0,7.126,3.298,3.094,19,14,0,0
03/10/2015,21,26,1,7.607,3.355,2.457,16,12,-1,1
04/10/2015,0,15,2,6.951,3.407,3.544,3,4,-1,1
04/10/2015,8,13,1,7.32,3.193,2.773,11,6,-1,0
04/10/2015,22,23,1,7.407,3.221,2.739,8,5,-1,1
17/10/2015,6,1,2,6.862,4.748,8.7,1,17,1,0
17/10/2015,7,26,0,7.148,3.354,3.64,10,12,1,1
17/10/2015,8,15,0,7.887,3.283,2.48,11,4,-1,0
17/10/2015,14,2,2,6.741,4.878,8.755,2,20,-1,-1
17/10/2015,19,12,1,6.994,3.5,4.502,7,14,0,-1
17/10/2015,23,13,1,7.385,3.281,2.9,5,6,1,1
17/10/2015,24,0,0,10.148,4.323,2.076,20,3,-1,1
17/10/2015,25,21,2,7.138,3.16,3.829,13,16,0,1
18/10/2015,17,18,2,7.576,3.253,2.779,15,19,-1,1
19/10/2015,22,20,0,6.93,3.18,3.768,8,9,-1,-1
24/10/2015,0,8,2,6.539,4.21,7.108,3,11,1,-1
24/10/2015,1,22,0,7.472,3.16,2.639,17,8,0,1
24/10/2015,12,7,2,6.971,3.25,3.234,14,10,1,1
24/10/2015,18,25,0,6.798,3.229,3.777,20,13,0,1
24/10/2015,20,24,0,6.842,3.143,3.665,9,18,-1,0
24/10/2015,26,6,2,8.251,3.646,2.194,12,1,1,0
25/10/2015,2,23,0,7.875,3.337,2.369,19,5,-1,1
25/10/2015,13,19,1,6.831,3.315,3.64,6,7,-1,-1
25/10/2015,15,14,1,7.261,3.273,2.794,4,2,-1,0
25/10/2015,21,17,2,7.206,3.227,2.858,16,15,0,-1
31/10/2015,6,13,0,7.2,3.223,3.546,1,6,-1,-1
31/10/2015,7,15,1,8.606,3.42,2.281,10,4,-1,1
31/10/2015,17,20,1,7.429,3.236,3.018,15,9,-1,1
31/10/2015,22,0,0,9.391,3.952,2.087,8,3,1,-1
31/10/2015,24,26,2,7.565,3.216,2.817,19,12,0,-1
31/10/2015,25,12,0,7.734,3.234,2.642,13,14,1,0
01/11/2015,8,21,2,6.858,3.947,6.504,11,16,0,1
01/11/2015,19,2,2,6.871,3.86,5.794,7,20,1,0
02/11/2015,23,1,2,6.486,4.191,7.384,5,17,1,1
07/11/2015,2,17,0,6.962,3.292,3.247,18,15,-1,1
07/11/2015,12,24,2,6.711,3.434,4.056,14,19,1,-1
07/11/2015,18,22,2,7.153,3.235,2.902,18,8,-1,0
07/11/2015,20,6,2,8.132,3.45,2.265,9,1,0,1
07/11/2015,21,19,0,8.928,3.765,2.126,16,7,1,0
07/11/2015,26,8,1,7.229,3.289,2.771,12,11,1,1
08/11/2015,0,23,1,6.637,3.672,4.607,3,5,-1,-1
08/11/2015,13,7,0,6.581,3.513,5.223,6,10,0,1
21/11/2015,6,18,2,6.384,4.318,7.6,1,20,1,0
21/11/2015,8,1,2,6.421,3.755,5.8,11,17,-1,-1
21/11/2015,14,13,0,6.506,3.613,5.041,2,6,1,-1
21/11/2015,17,12,0,7.056,3.392,2.57,15,14,-1,0
21/11/2015,19,20,0,6.433,3.596,5.818,7,9,0,1
21/11/2015,22,2,1,6.628,3.316,4.144,8,18,-1,1
21/11/2015,24,15,0,8.269,3.475,2.254,20,4,-1,-1
21/11/2015,25,0,2,10.233,4.524,2.091,13,3,-1,1
22/11/2015,23,26,2,6.338,3.812,5.688,5,12,0,1
23/11/2015,7,21,0,6.098,3.657,5.957,10,16,1,1
28/11/2015,1,24,0,7.984,3.139,2.78,17,20,0,-1
28/11/2015,2,8,1,8.137,3.392,2.521,18,11,0,0
28/11/2015,7,17,2,7.295,3.566,4.786,10,15,-1,1
28/11/2015,12,15,1,8.078,3.355,2.462,14,4,1,-1
28/11/2015,14,19,2,7.224,3.912,5.553,2,7,0,1
28/11/2015,21,20,2,8.275,3.23,2.515,16,9,-1,1
29/11/2015,13,22,2,7.077,4.069,6.776,6,8,1,-1
29/11/2015,23,6,1,7.79,3.246,2.817,5,1,-1,-1
29/11/2015,26,25,1,7.501,3.219,3.646,12,13,0,1
05/12/2015,6,2,0,6.936,4.562,8.237,1,19,1,-1
05/12/2015,15,26,1,6.934,4.041,7.827,4,12,1,0
05/12/2015,19,1,1,6.96,3.845,6.565,7,17,0,1
05/12/2015,20,14,2,9.723,3.995,2.085,9,2,-1,0
05/12/2015,22,12,0,7.763,3.271,2.684,8,14,-1,1
05/12/2015,24,18,2,7.332,3.216,3.432,18,20,-1,-1
05/12/2015,25,23,1,9.117,3.606,2.172,13,5,1,-1
06/12/2015,17,13,2,10.125,4.273,2.062,15,6,1,1
07/12/2015,8,7,1,7.056,3.301,3.52,11,10,-1,1
12/12/2015,2,15,2,8.561,3.329,2.415,18,4,-1,1
12/12/2015,7,19,2,7.979,3.165,2.882,10,7,-1,-1
12/12/2015,18,8,1,8.24,3.351,2.564,19,11,0,1
12/12/2015,21,24,0,8.178,3.157,2.689,16,19,-1,1
12/12/2015,26,20,1,8.016,3.148,2.838,12,9,0,1
13/12/2015,13,25,1,7.26,4.15,8.18,6,13,1,0
13/12/2015,23,17,0,7.407,4.577,7.911,5,15,-1,0
14/12/2015,12,6,2,8.202,3.388,2.438,14,1,-1,1
19/12/2015,8,12,0,7.559,3.393,3.344,11,14,-1,-1
19/12/2015,15,18,0,7.161,4.037,7.228,4,18,1,0
19/12/2015,17,1,1,7.365,3.247,3.71,15,17,-1,1
19/12/2015,19,23,0,7.942,3.235,2.74,7,5,-1,1
19/12/2015,20,7,0,7.792,3.127,2.992,9,10,1,1
19/12/2015,25,2,0,7.856,3.158,2.878,13,19,0,-1
20/12/2015,22,26,1,7.315,3.189,3.535,8,12,-1,1
20/12/2015,24,13,2,8.915,3.499,2.219,20,6,-1,0
21/12/2015,0,14,2,7.572,3.325,2.931,3,2,0,1
26/12/2015,1,26,1,7.83,3.15,2.767,17,12,0,1
26/12/2015,2,7,1,7.671,3.242,2.913,19,10,-1,0
26/12/2015,6,24,1,7.162,4.082,6.767,1,19,1,1
26/12/2015,13,12,2,7.45,3.507,3.647,6,14,-1,1
26/12/2015,17,8,0,8.384,3.447,2.363,15,11,-1,1
26/12/2015,19,0,2,8.639,3.472,2.279,7,3,0,-1
26/12/2015,20,15,2,8.335,3.227,2.47,9,4,1,-1
26/12/2015,22,25,2,7.419,3.168,4.034,8,13,1,0
26/12/2015,23,18,2,7.055,4.157,7.098,5,18,-1,1
28/12/2015,0,2,2,7.277,4.282,7.247,3,20,-1,-1
28/12/2015,7,22,1,7.714,3.212,3.716,10,8,1,-1
28/12/2015,8,20,0,7.648,3.331,3.841,11,9,1,-1
28/12/2015,15,6,1,8.013,3.162,2.871,4,1,-1,-1
28/12/2015,18,1,2,7.715,3.272,3.621,18,17,-1,-1
28/12/2015,24,23,0,8.957,3.44,2.283,19,5,1,1
28/12/2015,25,17,2,7.807,3.151,3.416,13,15,1,-1
28/12/2015,26,19,2,8.625,3.337,2.372,12,7,1,1
29/12/2015,12,14,1,9.133,3.943,2.114,14,2,-1,1
30/12/2015,21,13,0,9.811,3.932,2.117,16,6,1,1
02/01/2016,12,2,1,7.31,3.407,3.838,14,19,-1,-1
02/01/2016,15,22,2,7.073,3.704,6.476,4,8,1,1
02/01/2016,18,19,2,8.172,3.326,2.458,18,7,0,0
02/01/2016,21,1,2,7.668,3.12,3.004,16,17,1,0
02/01/2016,24,14,0,9.689,4.007,2.079,18,2,0,-1
02/01/2016,25,20,2,7.893,3.083,2.774,13,9,0,1
02/01/2016,26,13,2,8.771,3.506,2.252,12,6,1,0
03/01/2016,7,6,0,8.675,3.426,2.299,10,1,0,0
03/01/2016,8,23,1,7.904,3.334,2.641,11,5,-1,-1
12/01/2016,1,7,2,8.136,3.171,2.57,17,10,0,0
12/01/2016,2,26,0,7.374,3.345,3.671,20,12,-1,0
12/01/2016,17,15,1,9.622,3.778,2.139,15,4,0,1
13/01/2016,6,25,1,7.048,4.064,7.638,1,13,-1,1
13/01/2016,13,0,1,8.007,3.317,2.573,6,3,0,0
13/01/2016,14,8,1,7.122,4.17,5.825,2,11,-1,0
13/01/2016,19,24,2,7.334,3.237,3.866,7,19,0,0
13/01/2016,20,18,2,7.35,3.177,3.829,9,18,0,1
13/01/2016,22,21,0,7.195,3.387,4.649,8,16,-1,0
13/01/2016,23,12,0,7.1,3.51,4.518,5,14,0,1
16/01/2016,1,12,1,8.039,3.351,2.357,17,14,-1,1
16/01/2016,2,18,2,6.834,3.317,4.123,20,19,1,1
16/01/2016,6,8,1,6.784,3.512,4.325,1,11,1,-1
16/01/2016,14,7,2,6.641,4.509,7.922,2,10,-1,1
16/01/2016,17,26,2,7.319,3.228,2.838,15,12,-1,-1
16/01/2016,19,25,2,6.719,3.357,5.091,7,13,0,1
16/01/2016,23,21,2,6.626,4.54,8.513,5,16,-1,-1
17/01/2016,13,15,0,7.149,3.144,3.166,6,4,0,1
17/01/2016,20,0,1,8.574,3.586,2.19,9,3,0,-1
18/01/2016,22,24,2,7.06,3.135,3.107,8,18,0,1
23/01/2016,7,23,0,8.251,3.35,2.336,10,5,1,-1
23/01/2016,12,20,2,7.161,3.215,3.613,14,9,1,0
23/01/2016,15,19,0,7.033,3.229,4.299,4,7,-1,-1
23/01/2016,18,13,0,8.751,3.526,2.211,20,6,1,1
23/01/2016,21,2,1,7.817,3.22,2.555,16,20,1,-1
23/01/2016,24,17,2,7.171,3.257,3.558,19,15,1,-1
23/01/2016,25,1,1,7.21,3.066,3.62,13,17,-1,-1
23/01/2016,26,14,1,9.361,4.021,2.084,12,2,0,1
24/01/2016,0,6,0,7.195,3.265,3.607,3,1,1,-1
24/01/2016,8,22,0,6.941,3.501,4.932,11,8,1,-1
02/02/2016,0,19,1,7.301,3.368,4.715,3,7,-1,0
02/02/2016,7,2,0,7.766,3.121,3.047,10,18,1,1
02/02/2016,12,13,2,7.811,3.207,2.783,14,6,-1,-1
02/02/2016,15,20,2,7.253,3.43,5.311,4,9,0,-1
02/02/2016,18,23,0,9.223,3.733,2.138,19,5,-1,-1
02/02/2016,25,22,1,7.88,2.99,2.983,13,8,1,1
02/02/2016,26,1,2,7.377,3.28,4.165,12,17,-1,-1
03/02/2016,8,17,2,7.177,3.71,4.81,11,15,1,1
03/02/2016,24,6,1,8.979,3.485,2.223,18,1,-1,1
06/02/2016,1,18,2,7.302,3.116,3.062,17,18,-1,-1
06/02/2016,13,21,1,6.706,4.14,7.406,6,16,0,-1
06/02/2016,14,12,0,6.793,3.769,5.359,2,14,0,1
06/02/2016,17,25,2,7.119,3.163,3.448,15,13,0,-1
06/02/2016,19,26,2,6.379,3.429,4.829,7,12,1,0
06/02/2016,20,8,0,7.473,3.233,2.783,9,11,1,0
06/02/2016,22,7,1,7.151,3.115,3.367,8,10,0,0
06/02/2016,23,24,2,6.607,3.866,6.642,5,19,1,0
07/02/2016,2,0,0,8.415,3.478,2.245,18,3,0,0
07/02/2016,6,15,1,7.09,3.13,3.646,1,4,0,0
13/02/2016,2,20,0,7.05,3.187,3.689,19,9,-1,-1
13/02/2016,6,17,2,6.729,4.173,6.841,1,15,1,-1
13/02/2016,7,24,0,7.175,3.109,3.349,10,19,0,1
13/02/2016,8,25,0,6.741,3.754,6.335,11,13,1,1
13/02/2016,18,26,1,7.36,3.233,2.956,19,12,1,0
13/02/2016,21,15,2,9.349,3.791,2.14,16,4,-1,1
13/02/2016,22,19,0,7.794,3.195,2.551,8,7,-1,1
14/02/2016,0,12,2,6.887,3.677,4.353,3,14,-1,-1
14/02/2016,1,13,0,8.984,3.661,2.186,17,6,0,1
14/02/2016,14,23,0,7.079,3.365,3.532,2,5,-1,0
27/02/2016,12,18,2,7.082,3.95,5.714,14,19,0,1
27/02/2016,19,6,0,7.983,3.201,2.605,7,1,-1,0
27/02/2016,20,1,2,7.117,3.418,5.285,9,17,-1,-1
27/02/2016,24,2,1,7.614,3.142,3.038,18,19,1,1
27/02/2016,25,7,2,7.828,3.062,2.829,13,10,0,-1
27/02/2016,26,21,2,7.238,3.383,4.153,12,16,0,-1
28/02/2016,23,22,2,6.587,3.895,7.35,5,8,1,0
28/02/2016,15,0,2,7.714,3.227,2.52,4,3,1,1
01/03/2016,1,8,0,9.098,3.677,2.176,17,11,-1,1
01/03/2016,2,19,2,7.871,3.188,2.667,19,7,-1,-1
01/03/2016,12,25,1,7.042,3.489,5.117,14,13,-1,1
01/03/2016,18,6,0,9.763,4.075,2.086,19,1,1,-1
01/03/2016,21,7,1,7.595,3.172,2.983,16,10,-1,0
02/03/2016,0,22,0,6.932,4.568,8.455,3,8,1,1
02/03/2016,13,14,2,7.603,3.257,2.765,6,2,-1,1
02/03/2016,15,24,2,7.026,3.471,5.433,4,18,1,-1
02/03/2016,20,17,2,7.202,3.29,3.913,9,15,0,1
02/03/2016,26,23,2,8.702,3.512,2.231,12,5,-1,0
05/03/2016,6,20,1,6.963,3.868,6.396,1,9,-1,1
05/03/2016,8,26,0,7.096,3.589,4.609,11,12,1,-1
05/03/2016,17,2,0,7.707,3.232,2.757,15,19,-1,-1
05/03/2016,19,21,1,6.98,3.628,5.75,7,16,-1,0
05/03/2016,22,18,2,7.108,3.227,3.803,8,20,0,1
05/03/2016,23,0,1,7.545,3.269,2.976,5,3,-1,1
05/03/2016,24,12,0,7.817,3.244,2.559,20,14,1,1
06/03/2016,7,13,0,8.26,3.389,2.294,10,6,-1,-1
06/03/2016,25,15,2,8.658,3.438,2.226,13,4,1,1
12/03/2016,2,22,2,6.971,3.202,3.958,18,8,-1,1
12/03/2016,18,14,1,10.023,4.27,2.084,18,2,1,-1
12/03/2016,20,19,0,7.521,3.112,2.778,9,7,-1,1
14/03/2016,12,17,2,6.561,3.749,5.478,14,15,0,1
19/03/2016,6,26,1,7.07,3.554,4.62,1,12,-1,1
19/03/2016,7,12,0,7.986,3.24,2.533,10,14,-1,0
19/03/2016,8,0,0,7.74,3.409,2.636,11,3,-1,-1
19/03/2016,22,1,2,7.016,3.512,5.324,8,17,0,0
19/03/2016,24,20,0,7.522,3.087,3.094,18,9,1,1
19/03/2016,25,18,0,7.269,3.108,3.358,13,18,-1,1
20/03/2016,14,15,0,7.022,3.425,4.19,2,4,1,-1
20/03/2016,17,21,1,7.322,3.207,3.477,15,16,1,-1
20/03/2016,19,13,2,7.471,3.168,2.797,7,6,1,1
20/03/2016,23,2,2,6.868,3.891,5.938,5,19,-1,1
02/04/2016,0,24,2,6.717,4.641,8.434,3,18,1,-1
02/04/2016,2,14,0,8.341,3.511,2.241,18,2,-1,-1
02/04/2016,13,23,1,7.285,3.237,2.873,6,5,-1,1
02/04/2016,18,17,2,7.159,3.171,3.35,20,15,-1,-1
02/04/2016,20,22,1,7.254,3.168,3.418,9,8,1,1
02/04/2016,21,25,1,7.174,3.136,3.674,16,13,-1,1
02/04/2016,26,7,1,6.88,3.294,3.859,12,10,0,1
03/04/2016,12,19,2,7.41,3.187,3.272,14,7,-1,-1
03/04/2016,15,8,2,7.165,3.246,3.62,4,11,1,1
09/04/2016,1,2,0,8.362,3.369,2.305,17,18,1,1
09/04/2016,7,18,2,7.145,3.21,3.6,10,18,0,0
09/04/2016,14,25,2,6.935,4.603,8.796,2,13,-1,1
09/04/2016,19,17,2,6.974,3.717,5.782,7,15,-1,-1
09/04/2016,22,6,2,8.489,3.442,2.236,8,1,1,-1
09/04/2016,24,8,1,8.276,3.315,2.367,20,11,0,1
09/04/2016,26,0,1,8.582,3.629,2.184,12,3,-1,-1
10/04/2016,13,20,2,6.781,3.656,5.418,6,9,1,1
10/04/2016,21,12,0,8.227,3.392,2.301,16,14,1,-1
10/04/2016,23,15,2,7.095,3.316,3.796,5,4,0,-1
13/04/2016,7,8,1,7.927,3.247,2.565,10,11,1,0
16/04/2016,6,14,0,7.972,3.283,2.702,1,2,0,1
16/04/2016,8,19,1,7.935,3.23,2.773,11,7,-1,0
16/04/2016,17,22,2,7.681,3.219,3.153,15,8,-1,1
16/04/2016,18,21,0,7.605,3.163,3.115,20,16,-1,-1
16/04/2016,25,24,0,7.71,3.055,3.213,13,18,1,1
17/04/2016,0,7,1,7.195,4.816,8.454,3,10,-1,-1
17/04/2016,2,13,0,8.622,3.445,2.296,20,6,-1,-1
17/04/2016,12,26,1,7.445,3.345,3.858,14,12,-1,1
18/04/2016,20,23,0,9.192,3.753,2.139,9,5,1,-1
19/04/2016,17,14,1,10.128,4.44,2.063,15,2,1,1
20/04/2016,13,8,2,6.757,3.623,4.599,6,11,1,1
20/04/2016,15,7,2,6.629,3.802,6.155,4,10,1,-1
20/04/2016,26,24,2,6.65,3.841,5.742,12,18,1,0
23/04/2016,2,6,0,8.012,3.38,2.48,18,1,-1,-1
23/04/2016,13,17,1,7.013,4.007,5.488,6,15,-1,0
24/04/2016,12,22,2,6.946,3.419,4.906,14,8,0,0
24/04/2016,21,0,1,9.192,3.954,2.096,16,3,1,0
30/04/2016,8,2,2,7.143,3.428,3.619,11,18,0,1
30/04/2016,17,7,2,7.118,3.29,3.78,15,10,1,0
30/04/2016,20,21,1,7.627,3.162,2.755,9,16,1,1
30/04/2016,24,1,2,6.927,3.537,4.964,18,17,-1,-1
30/04/2016,25,26,0,8.482,3.465,2.279,13,12,-1,1
01/05/2016,15,12,1,7.162,3.209,3.664,4,14,-1,-1
01/05/2016,19,14,2,7.668,3.287,2.667,7,2,1,-1
01/05/2016,22,13,2,7.977,3.366,2.435,8,6,-1,1
02/05/2016,6,23,1,7.554,3.348,2.648,1,5,-1,-1
07/05/2016,1,17,1,10.165,4.197,2.075,17,15,1,1
07/05/2016,2,25,1,7.301,3.266,4.02,20,13,1,-1
07/05/2016,7,20,2,7.384,3.261,3.649,10,9,1,1
07/05/2016,12,8,2,7.315,3.491,3.891,14,11,1,1
07/05/2016,18,15,0,9.188,3.639,2.177,20,4,0,-1
07/05/2016,21,6,2,7.969,3.355,2.514,16,1,-1,0
07/05/2016,26,22,0,7.077,4.208,6.927,12,8,-1,1
08/05/2016,13,24,2,7.075,4.096,6.39,6,20,1,1
08/05/2016,14,0,1,7.747,3.311,2.819,2,3,-1,-1
08/05/2016,23,19,0,7.349,3.408,3.681,5,7,-1,-1
10/05/2016,26,15,2,8.099,3.38,2.497,12,4,1,-1
11/05/2016,13,6,1,7.36,3.471,3.564,6,1,1,1
11/05/2016,18,24,2,7.118,3.454,4.286,18,19,0,0
11/05/2016,21,8,2,7.174,3.601,4.68,16,11,0,0
15/05/2016,6,12,1,7.81,3.456,3.017,1,14,-1,0
15/05/2016,8,18,2,7.383,3.692,4.117,11,20,-1,0
15/05/2016,17,23,2,9.534,3.91,2.087,15,5,1,-1
15/05/2016,19,7,2,7.312,4.75,8.238,7,10,1,1
15/05/2016,20,26,2,8.666,3.537,2.307,9,12,-1,0
15/05/2016,24,21,1,7.645,3.465,3.429,19,16,1,1
15/05/2016,25,13,1,7.907,3.385,2.866,13,6,-1,-1
17/05/2016,15,2,2,7.295,3.742,4.753,4,18,0,-1
13/08/2016,4,22,0,8.477,3.158,3.001,19,12,0,0
13/08/2016,7,25,0,8.256,3.117,3.913,15,14,0,0
13/08/2016,8,23,1,8.956,3.316,2.498,11,3,0,0
13/08/2016,11,12,2,9.873,3.56,2.245,18,1,0,0
13/08/2016,16,20,1,8.481,3.099,3.213,18,9,0,0
13/08/2016,19,24,1,8.138,3.372,4.399,6,13,0,0
14/08/2016,0,13,0,8.44,3.282,2.972,2,8,0,0
14/08/2016,2,15,0,10.217,3.705,2.138,16,5,0,0
15/08/2016,6,26,2,7.604,3.65,5.209,10,7,0,0
19/08/2016,15,19,2,7.959,3.962,6.882,5,6,1,1
20/08/2016,12,0,1,8.92,3.44,2.52,1,2,-1,-1
20/08/2016,22,11,0,8.107,3.332,4.715,12,20,-1,-1
20/08/2016,23,7,2,7.974,4.092,7.115,3,15,0,-1
20/08/2016,25,8,0,8.967,3.18,2.621,14,11,1,-1
21/08/2016,21,16,0,8.625,3.116,2.997,17,20,1,0
21/08/2016,26,2,2,8.109,3.42,3.877,7,16,1,-1
27/08/2016,7,2,1,8.286,3.167,3.121,15,16,1,0
27/08/2016,8,20,2,7.842,3.477,4.819,11,9,1,-1
27/08/2016,12,22,2,7.853,3.449,4.837,1,12,-1,1
27/08/2016,19,21,1,7.792,3.559,5.71,6,17,-1,-1
27/08/2016,23,13,1,8.44,3.341,2.928,3,8,1,1
28/08/2016,25,16,1,8.433,3.009,3.006,14,20,1,1
10/09/2016,0,19,2,8.015,3.824,5.749,2,6,-1,0
10/09/2016,2,25,2,8.277,3.099,3.903,16,14,1,0
10/09/2016,4,11,1,8.531,3.082,3.167,19,19,1,1
10/09/2016,13,12,2,8.189,3.662,5.118,8,1,0,-1
10/09/2016,15,14,0,8.62,3.162,3.224,5,4,1,0
10/09/2016,16,7,0,8.436,3.083,3.373,20,15,0,0
10/09/2016,20,23,0,10.332,3.737,2.141,9,3,0,-1
10/09/2016,26,24,0,8.176,3.318,4.213,7,13,0,-1
12/09/2016,21,8,0,9.459,3.462,2.283,17,11,0,0
16/09/2016,6,13,0,8.587,3.329,3.221,10,8,1,-1
17/09/2016,8,16,2,8.16,3.532,5.385,11,20,1,1
17/09/2016,12,4,2,7.989,3.926,7.033,1,20,-1,-1
17/09/2016,25,26,2,8.691,3.145,2.784,14,7,-1,1
18/09/2016,7,20,2,8.39,3.222,3.791,15,9,1,1
18/09/2016,19,22,2,8.056,3.479,5.165,6,12,0,0
24/09/2016,0,6,2,8.439,3.312,3.049,2,10,-1,0
24/09/2016,2,8,2,9.39,3.492,2.296,16,11,-1,-1
24/09/2016,15,12,2,8.191,3.631,4.933,5,1,1,1
24/09/2016,16,23,0,9.558,3.52,2.254,20,3,-1,1
24/09/2016,20,25,1,8.385,3.172,3.203,9,14,-1,1
24/09/2016,21,7,0,8.871,3.222,2.685,17,15,-1,1
25/09/2016,26,19,0,8.849,3.255,2.707,7,6,0,1
26/09/2016,4,24,2,8.573,3.202,2.685,18,13,1,-1
30/09/2016,8,7,1,7.875,3.61,4.688,11,15,0,-1
01/10/2016,21,25,1,8.472,3.128,3.093,17,14,1,-1
01/10/2016,24,2,1,8.398,3.174,3.207,13,16,-1,0
01/10/2016,26,16,1,8.284,3.249,3.391,7,20,0,1
02/10/2016,12,19,1,8.29,3.232,3.376,1,6,1,0
02/10/2016,23,14,2,9.067,3.425,2.478,3,4,1,0
15/10/2016,2,11,2,7.354,3.334,4.5,16,18,-1,-1
15/10/2016,6,12,2,7.359,3.894,5.672,10,1,0,1
15/10/2016,7,26,0,7.569,3.3,3.489,15,7,1,-1
15/10/2016,14,8,1,7.215,4.261,6.305,4,11,-1,0
15/10/2016,20,21,2,7.471,3.326,3.828,9,17,0,-1
15/10/2016,25,23,1,10.082,3.917,2.131,14,3,-1,0
16/10/2016,16,24,0,7.654,3.116,3.393,18,13,1,1
16/10/2016,19,4,2,7.161,4.341,8.64,6,20,1,1
17/10/2016,13,15,1,7.491,3.288,3.398,8,5,-1,1
22/10/2016,2,23,1,9.745,3.633,2.2,16,3,1,0
22/10/2016,11,20,0,8.795,3.253,2.598,18,9,1,0
22/10/2016,12,7,2,8.053,3.267,3.735,1,15,1,1
22/10/2016,22,24,1,8.268,3.216,3.202,12,13,0,1
22/10/2016,26,21,2,7.859,3.627,4.983,7,17,-1,0
23/10/2016,6,15,2,8.178,3.174,3.47,10,5,-1,-1
23/10/2016,14,19,1,7.772,4.143,6.42,4,6,0,1
29/10/2016,16,2,2,8.616,3.064,3.085,19,16,0,-1
29/10/2016,23,12,1,8.054,3.704,5.302,3,1,1,-1
29/10/2016,24,11,2,8.083,3.45,4.913,13,18,1,1
30/10/2016,8,26,2,8.148,3.571,4.336,11,7,0,0
30/10/2016,19,6,0,9.137,3.338,2.479,6,10,1,1
31/10/2016,20,22,2,7.956,3.385,3.647,9,12,-1,1
05/11/2016,2,21,0,7.497,3.741,5.23,16,17,-1,0
05/11/2016,4,7,2,8.655,3.292,2.473,19,15,-1,0
05/11/2016,6,8,2,7.335,3.89,6.048,10,11,0,-1
05/11/2016,26,20,1,7.718,3.338,3.736,7,9,1,1
06/11/2016,0,23,1,7.677,3.326,3.921,2,3,1,1
06/11/2016,12,25,0,7.539,3.367,4.824,1,14,-1,1
06/11/2016,22,15,0,10.084,4.051,2.082,12,5,1,-1
19/11/2016,8,22,1,7.568,3.874,5.727,11,12,1,1
19/11/2016,15,0,1,8.238,3.239,2.872,5,2,0,-1
19/11/2016,19,13,1,8.913,3.514,2.341,6,8,-1,-1
19/11/2016,20,2,0,8.0,3.253,3.303,9,16,0,-1
19/11/2016,21,11,2,7.786,3.186,3.6,17,19,-1,1
19/11/2016,23,26,2,7.548,4.052,6.322,3,7,-1,1
19/11/2016,24,12,2,8.408,3.211,2.732,13,1,1,1
21/11/2016,25,4,2,7.634,3.206,4.254,14,20,1,0
26/11/2016,6,23,2,7.104,3.522,4.679,10,3,0,0
26/11/2016,11,25,1,8.14,3.184,2.62,18,14,0,-1
26/11/2016,12,16,1,7.267,3.344,4.269,1,20,1,1
26/11/2016,22,7,2,7.801,3.226,2.864,12,15,-1,-1
27/11/2016,0,2,2,7.086,4.571,7.49,2,16,-1,1
27/11/2016,15,26,1,7.202,4.206,6.734,5,7,-1,0
27/11/2016,19,8,2,7.358,3.213,3.497,6,11,0,0
27/11/2016,24,20,0,7.636,3.186,3.118,13,9,1,-1
03/12/2016,7,19,2,8.051,3.353,2.421,15,6,-1,-1
03/12/2016,14,6,0,7.121,3.34,3.462,4,10,0,1
03/12/2016,20,4,2,6.789,3.654,5.651,9,19,-1,-1
03/12/2016,21,12,2,8.018,3.338,2.431,17,1,1,1
03/12/2016,23,22,2,6.726,4.858,8.565,3,12,-1,-1
03/12/2016,25,24,2,7.124,3.161,3.558,14,13,1,1
03/12/2016,26,0,0,9.293,4.082,2.089,7,2,1,0
04/12/2016,2,13,2,9.238,4.011,2.081,16,8,-1,-1
04/12/2016,8,15,1,8.273,3.468,2.309,11,5,1,1
05/12/2016,16,11,2,6.757,3.319,4.757,19,20,-1,1
10/12/2016,0,20,2,7.305,4.765,8.22,2,9,0,1
10/12/2016,4,2,2,8.612,3.402,2.404,19,16,0,0
10/12/2016,11,7,1,8.573,3.324,2.472,18,15,0,0
10/12/2016,12,14,2,10.015,4.072,2.089,1,4,-1,-1
10/12/2016,22,21,2,7.704,3.295,3.41,12,17,-1,1
10/12/2016,24,8,2,8.254,3.312,2.529,13,11,-1,0
11/12/2016,15,23,2,7.481,3.236,3.398,5,3,-1,1
11/12/2016,19,16,2,7.138,3.429,5.497,6,18,0,1
13/12/2016,2,12,2,7.657,3.301,3.02,16,1,1,0
13/12/2016,8,0,2,9.097,3.755,2.164,11,2,0,0
14/12/2016,7,15,0,9.782,4.09,2.093,15,5,-1,-1
14/12/2016,20,19,1,8.178,3.224,2.556,9,6,0,1
14/12/2016,25,22,2,7.367,3.28,3.735,14,12,0,1
14/12/2016,26,4,2,7.036,3.7,5.141,7,18,1,-1
17/12/2016,16,22,2,7.511,3.246,3.684,18,12,0,1
17/12/2016,20,12,1,8.23,3.246,2.871,9,1,-1,0
17/12/2016,21,24,2,8.241,3.187,2.889,17,13,1,-1
17/12/2016,26,11,2,7.369,3.712,5.273,7,19,0,1
18/12/2016,2,19,0,8.233,3.227,2.67,16,6,0,1
18/12/2016,14,0,2,7.715,3.376,3.357,4,2,-1,0
19/12/2016,8,13,0,8.907,3.691,2.189,11,8,1,1
26/12/2016,0,25,2,7.302,4.83,8.956,2,14,0,0
26/12/2016,4,16,2,8.363,3.11,2.663,19,18,1,1
26/12/2016,6,2,2,7.424,4.455,7.944,10,16,1,1
26/12/2016,12,8,0,8.145,3.238,2.941,1,11,-1,-1
26/12/2016,22,26,0,8.285,3.24,2.746,12,7,-1,1
26/12/2016,24,7,1,8.007,3.201,2.97,13,15,-1,-1
28/12/2016,19,23,0,7.782,3.207,2.618,6,3,1,1
30/12/2016,11,8,1,9.419,3.556,2.216,20,11,-1,0
31/12/2016,4,21,2,7.858,3.155,3.154,19,17,0,1
31/12/2016,12,26,2,7.539,3.357,3.525,1,7,-1,0
31/12/2016,13,14,2,7.86,3.369,2.996,8,4,-1,0
31/12/2016,19,25,0,7.399,3.356,5.012,6,14,-1,-1
31/12/2016,22,2,0,8.19,3.357,2.62,12,16,0,1
01/01/2017,0,7,2,7.293,5.04,8.829,2,15,-1,1
01/01/2017,24,23,0,10.355,4.024,2.112,13,3,-1,1
02/01/2017,8,19,2,7.836,3.194,3.375,11,6,1,-1
02/01/2017,16,12,1,8.188,3.095,2.855,20,1,0,0
02/01/2017,25,11,2,7.402,3.386,4.992,14,18,-1,-1
03/01/2017,2,0,1,9.561,3.805,2.123,16,2,1,1
03/01/2017,7,22,0,7.337,3.394,4.501,15,12,1,1
03/01/2017,20,24,2,7.733,3.309,4.143,9,13,0,0
04/01/2017,23,6,2,7.861,3.27,2.63,3,10,-1,1
14/01/2017,4,19,2,8.603,3.35,2.382,20,6,-1,-1
14/01/2017,11,2,2,8.432,3.436,2.401,20,16,0,1
14/01/2017,21,20,0,8.101,3.307,2.574,17,9,1,1
14/01/2017,24,16,1,7.8,3.092,3.1,13,18,-1,-1
14/01/2017,26,7,2,7.617,3.228,3.119,7,15,-1,1
15/01/2017,8,14,2,9.486,3.891,2.123,11,4,-1,1
15/01/2017,15,13,1,7.687,3.193,3.476,5,8,0,0
21/01/2017,2,24,1,7.483,3.466,4.244,16,13,1,1
21/01/2017,7,8,0,8.476,3.361,2.457,15,11,-1,-1
21/01/2017,14,23,1,7.682,3.316,3.456,4,3,0,-1
21/01/2017,16,26,0,7.904,3.1,3.117,20,7,0,1
21/01/2017,25,21,2,7.392,3.545,5.164,14,17,-1,1
22/01/2017,19,12,2,7.363,3.291,4.54,6,1,-1,-1
31/01/2017,2,7,0,7.646,3.306,3.568,16,15,0,0
31/01/2017,4,12,2,7.974,3.203,2.698,18,1,1,1
31/01/2017,13,6,1,7.915,3.196,2.887,8,10,-1,-1
31/01/2017,16,25,1,7.946,3.01,2.971,20,14,-1,1
31/01/2017,22,19,2,8.454,3.349,2.42,12,6,-1,0
01/02/2017,20,8,1,8.072,3.279,2.653,9,11,0,0
04/02/2017,6,0,2,7.352,3.354,3.886,10,2,-1,1
04/02/2017,7,21,0,7.17,3.563,5.006,15,17,-1,0
04/02/2017,8,2,2,7.063,3.624,4.857,11,16,1,1
04/02/2017,19,26,0,7.248,3.423,4.294,6,7,-1,1
04/02/2017,24,4,2,7.429,3.156,3.674,13,20,0,1
04/02/2017,25,20,2,7.547,3.146,3.331,14,9,0,0
05/02/2017,12,15,0,10.096,4.064,2.127,1,5,-1,-1
11/02/2017,13,23,2,6.962,3.233,3.3,8,3,-1,-1
11/02/2017,16,8,1,7.99,3.355,2.325,18,11,-1,0
11/02/2017,20,7,2,6.848,3.202,3.624,9,15,0,1
11/02/2017,21,19,0,8.118,3.475,2.29,17,6,-1,1
11/02/2017,26,25,1,6.934,3.172,3.424,7,14,0,-1
12/02/2017,22,12,2,7.075,3.171,3.073,12,1,1,0
25/02/2017,7,16,2,7.525,3.057,3.845,15,19,0,1
25/02/2017,8,21,2,6.972,4.514,7.436,11,17,0,-1
25/02/2017,11,4,1,7.46,3.121,3.58,19,18,1,-1
25/02/2017,24,26,1,7.785,3.174,2.863,13,7,-1,-1
25/02/2017,25,2,2,7.384,3.26,3.722,14,16,0,0
26/02/2017,23,20,2,6.963,4.385,7.343,3,9,0,1
27/02/2017,12,13,2,10.062,4.249,2.096,1,8,1,1
04/03/2017,12,11,2,7.026,3.346,4.424,1,20,1,0
04/03/2017,13,0,2,7.209,3.336,3.482,8,2,-1,1
04/03/2017,20,16,2,7.186,3.187,4.167,9,20,1,1
04/03/2017,22,4,2,7.119,3.247,3.874,12,19,1,-1
04/03/2017,24,19,0,8.259,3.324,2.386,13,6,1,-1
04/03/2017,25,7,0,7.351,3.108,3.572,14,15,1,-1
05/03/2017,23,8,2,6.927,3.719,5.122,3,11,1,-1
06/03/2017,26,6,0,10.144,4.295,2.086,7,10,-1,1
11/03/2017,2,26,2,7.458,3.309,2.791,16,7,0,-1
11/03/2017,8,25,2,6.571,3.548,5.325,11,14,1,1
11/03/2017,11,22,2,7.29,3.161,2.951,20,12,-1,1
18/03/2017,2,22,2,7.255,3.28,3.377,16,12,-1,-1
18/03/2017,7,24,2,7.074,3.274,4.151,15,13,1,-1
18/03/2017,8,11,2,6.744,3.931,6.381,11,20,1,0
18/03/2017,21,4,1,7.516,3.153,2.929,17,18,1,1
18/03/2017,25,0,2,9.55,4.066,2.098,14,2,1,1
18/03/2017,26,12,0,7.463,3.29,3.15,7,1,1,1
19/03/2017,14,13,1,7.121,3.462,3.701,4,8,-1,-1
19/03/2017,16,15,0,10.019,3.99,2.143,19,5,-1,1
19/03/2017,23,19,2,6.943,3.558,5.012,3,6,-1,0
01/04/2017,4,23,0,9.946,4.055,2.116,20,3,1,-1
01/04/2017,11,26,2,7.583,3.262,2.945,18,7,-1,0
01/04/2017,12,20,2,7.138,3.291,3.737,1,9,0,1
01/04/2017,13,8,2,6.958,3.661,4.786,8,11,0,1
01/04/2017,15,25,1,6.842,4.596,9.04,5,14,1,1
01/04/2017,19,2,1,6.91,3.734,5.24,6,16,-1,1
01/04/2017,24,21,2,7.017,3.392,4.305,13,17,0,0
02/04/2017,0,14,1,8.115,3.588,2.377,2,4,-1,0
02/04/2017,22,16,1,7.088,3.259,4.017,12,19,1,-1
04/04/2017,4,20,2,7.337,3.057,3.165,18,9,0,1
04/04/2017,12,21,2,6.719,4.116,7.33,1,17,-1,1
04/04/2017,15,8,1,6.871,3.814,5.974,5,11,-1,0
04/04/2017,24,25,2,7.378,3.107,3.042,13,14,-1,-1
05/04/2017,0,26,2,6.739,4.709,7.219,2,7,-1,-1
05/04/2017,6,14,2,7.278,3.328,3.044,10,4,1,0
05/04/2017,11,16,2,7.06,3.15,3.814,18,20,0,-1
05/04/2017,13,2,1,6.846,4.785,8.065,8,16,-1,0
05/04/2017,19,7,2,6.891,3.395,4.404,6,15,1,1
05/04/2017,22,23,0,9.478,4.035,2.09,12,3,1,1
08/04/2017,16,4,1,7.429,3.045,3.179,18,20,-1,-1
08/04/2017,20,13,0,8.734,3.698,2.172,9,8,-1,1
08/04/2017,25,19,0,7.829,3.231,2.589,14,6,1,1
08/04/2017,26,22,2,7.311,3.326,3.491,7,12,0,-1
09/04/2017,8,12,2,6.736,3.547,4.706,11,1,0,-1
10/04/2017,7,0,2,8.86,3.931,2.089,15,2,1,-1
15/04/2017,7,12,1,6.757,3.453,4.46,15,1,-1,-1
15/04/2017,8,4,2,6.49,4.142,7.16,11,19,0,1
15/04/2017,19,14,0,8.8,4.015,2.057,6,4,1,0
15/04/2017,20,11,2,6.742,3.253,3.893,9,19,-1,-1
15/04/2017,21,26,1,7.705,3.406,2.369,17,7,0,1
15/04/2017,24,22,2,7.105,3.19,2.939,13,12,0,1
16/04/2017,15,6,2,7.21,3.132,2.845,5,10,0,0
16/04/2017,25,13,0,8.566,3.763,2.122,14,8,0,1
17/04/2017,16,0,0,10.238,4.478,2.075,20,2,0,1
22/04/2017,2,16,2,6.823,3.452,4.062,16,18,1,0
22/04/2017,11,24,2,6.728,3.354,4.06,18,13,-1,1
22/04/2017,22,20,2,7.031,3.219,3.415,12,9,0,1
22/04/2017,26,8,1,7.814,3.476,2.346,7,11,-1,-1
23/04/2017,4,15,0,9.854,4.049,2.114,19,5,-1,1
23/04/2017,13,7,0,6.649,4.185,6.424,8,15,-1,-1
25/04/2017,6,19,2,6.485,4.169,7.365,10,6,-1,0
26/04/2017,0,12,2,6.466,4.062,5.098,2,1,0,0
26/04/2017,7,23,0,9.318,4.235,2.08,15,3,1,1
26/04/2017,16,21,2,6.833,3.245,3.287,19,17,1,0
27/04/2017,14,15,1,6.614,3.47,3.953,4,5,-1,1
29/04/2017,7,4,0,6.762,3.368,4.434,15,19,1,1
29/04/2017,19,11,1,6.687,3.642,4.971,6,19,1,0
29/04/2017,20,26,1,6.974,3.258,3.438,9,7,1,0
29/04/2017,21,2,0,7.654,3.436,2.445,17,16,0,1
29/04/2017,25,12,0,7.163,3.29,2.797,14,1,0,-1
30/04/2017,8,6,0,8.206,3.578,2.214,11,10,-1,0
30/04/2017,15,22,1,6.608,4.518,8.38,5,12,-1,-1
30/04/2017,23,0,2,6.858,3.593,3.725,3,2,0,-1
01/05/2017,24,13,0,9.787,4.544,2.051,13,8,0,-1
06/05/2017,2,20,1,6.958,3.332,3.24,16,9,1,-1
06/05/2017,4,25,1,6.943,3.154,3.498,20,14,0,-1
06/05/2017,11,21,0,6.492,4.221,6.908,20,17,-1,-1
06/05/2017,12,24,2,6.536,3.747,5.927,1,13,0,-1
06/05/2017,22,8,2,7.236,3.385,2.628,12,11,-1,-1
07/05/2017,0,15,2,6.752,3.457,3.926,2,5,0,1
07/05/2017,13,19,1,6.556,3.854,5.574,8,6,1,1
10/05/2017,19,0,0,7.933,3.679,2.208,6,2,-1,0
12/05/2017,8,24,2,6.619,4.184,6.746,11,13,1,0
13/05/2017,2,4,2,6.979,3.42,3.842,16,20,-1,-1
13/05/2017,16,19,0,8.49,3.57,2.218,20,6,0,1
13/05/2017,20,0,0,9.081,4.098,2.056,9,2,-1,0
13/05/2017,21,22,0,8.662,3.769,2.148,17,12,0,0
14/05/2017,7,11,2,6.94,3.347,3.565,15,19,1,1
14/05/2017,23,15,2,6.849,3.629,4.728,3,5,-1,1
14/05/2017,26,13,0,9.454,4.137,2.089,7,8,-1,1
17/05/2017,19,15,1,7.278,3.228,2.797,6,5,-1,-1
18/05/2017,12,23,0,8.58,3.785,2.153,1,3,1,-1
21/05/2017,0,8,2,6.412,4.53,6.794,2,11,0,0
21/05/2017,4,26,0,7.09,3.316,2.96,18,7,0,1
21/05/2017,11,23,0,10.276,4.705,2.054,19,3,0,-1
21/05/2017,12,2,1,6.771,3.505,3.764,1,16,1,1
21/05/2017,15,7,2,7.155,3.251,2.921,5,15,1,0
21/05/2017,19,20,0,6.647,3.564,4.378,6,9,-1,1
21/05/2017,22,25,2,6.841,3.344,3.522,12,14,0,0
11/08/2017,0,12,2,6.297,4.133,5.994,5,12,0,0
12/08/2017,7,10,0,6.434,3.315,4.519,14,20,0,0
12/08/2017,8,20,2,6.248,3.468,5.138,7,13,0,0
12/08/2017,19,22,1,6.325,3.615,5.523,8,15,0,0
12/08/2017,24,13,1,9.585,4.343,2.077,17,4,0,0
12/08/2017,25,2,2,6.862,3.138,3.075,10,9,0,0
13/08/2017,17,23,0,9.095,4.039,2.095,19,2,0,0
19/08/2017,2,24,0,5.987,3.365,3.798,9,17,-1,0
19/08/2017,4,25,0,6.377,3.059,3.005,16,10,1,1
19/08/2017,12,3,2,5.717,3.446,4.872,12,19,-1,-1
19/08/2017,13,7,2,5.708,4.666,8.128,4,14,0,-1
19/08/2017,19,26,2,5.826,3.519,4.681,8,11,0,-1
19/08/2017,20,0,2,7.861,3.824,2.114,13,5,-1,1
20/08/2017,10,17,2,6.304,3.142,3.066,19,20,1,-1
20/08/2017,23,6,0,6.064,3.306,3.495,2,1,1,-1
21/08/2017,14,8,1,5.509,4.999,8.93,3,7,1,1
26/08/2017,7,22,0,5.837,3.264,4.02,14,15,-1,-1
26/08/2017,10,19,1,7.261,3.367,2.329,20,8,1,1
26/08/2017,17,26,2,6.102,3.228,3.188,20,11,-1,-1
26/08/2017,24,3,1,5.831,3.228,4.029,17,20,1,-1
27/08/2017,6,8,2,5.463,4.107,7.264,1,7,1,0
27/08/2017,13,0,2,6.033,3.395,3.273,4,5,1,-1
27/08/2017,25,20,1,6.151,3.028,3.258,10,13,1,1
09/09/2017,0,2,2,5.532,4.898,7.679,5,9,-1,-1
09/09/2017,3,25,2,6.255,2.998,2.965,20,10,0,0
09/09/2017,8,23,0,7.08,3.468,2.283,7,2,-1,0
09/09/2017,12,6,0,7.802,3.849,2.111,12,1,-1,1
09/09/2017,14,13,2,5.728,3.61,3.837,3,4,1,1
09/09/2017,19,24,0,5.56,3.603,5.265,8,17,0,0
09/09/2017,20,15,1,9.787,4.632,2.135,13,6,0,1
10/09/2017,4,7,2,6.026,3.119,3.207,16,14,0,-1
10/09/2017,22,17,0,6.031,3.126,3.162,15,20,1,1
11/09/2017,26,10,2,5.606,3.301,4.063,11,18,-1,0
15/09/2017,2,3,2,6.1,3.215,3.51,9,20,-1,1
16/09/2017,7,19,0,6.706,3.21,2.61,14,8,-1,-1
16/09/2017,10,12,1,6.992,3.346,2.429,20,12,-1,-1
16/09/2017,17,20,2,6.235,3.125,3.217,19,13,1,0
16/09/2017,25,26,1,6.239,3.127,3.218,10,11,-1,1
17/09/2017,6,0,1,5.893,3.611,4.185,1,5,1,1
23/09/2017,4,10,1,6.556,3.076,3.579,16,19,0,0
23/09/2017,8,2,2,6.131,3.595,5.094,7,9,-1,1
23/09/2017,12,13,0,8.103,3.786,2.156,12,4,0,0
23/09/2017,19,15,0,8.934,3.895,2.113,8,6,1,1
23/09/2017,20,6,0,9.453,4.225,2.076,13,1,-1,0
23/09/2017,22,24,0,6.694,3.172,3.144,15,17,0,-1
23/09/2017,26,23,0,9.349,4.342,2.071,11,2,0,0
24/09/2017,3,17,2,6.979,3.088,2.819,19,20,-1,1
25/09/2017,0,25,2,6.058,4.831,8.858,5,10,0,0
30/09/2017,2,12,1,6.811,3.32,2.589,9,12,-1,-1
30/09/2017,6,14,0,6.825,3.364,2.564,1,3,1,1
30/09/2017,20,19,2,6.893,3.202,2.596,13,8,-1,-1
30/09/2017,25,24,1,6.382,3.064,3.38,10,17,-1,1
30/09/2017,26,22,2,6.117,3.294,4.208,11,15,-1,-1
01/10/2017,8,4,0,5.889,3.462,5.309,7,16,1,0
01/10/2017,17,13,1,8.567,4.054,2.059,19,4,-1,1
14/10/2017,4,26,1,6.166,3.175,2.781,16,11,1,1
14/10/2017,13,15,1,6.317,3.244,2.72,4,6,0,1
14/10/2017,22,10,2,5.769,3.083,3.635,15,20,-1,-1
14/10/2017,24,0,2,8.374,4.33,2.052,17,5,0,1
15/10/2017,3,8,1,6.56,3.194,2.522,18,7,-1,-1
15/10/2017,19,17,1,5.667,3.353,4.314,8,20,-1,0
16/10/2017,12,25,1,5.66,3.233,3.876,12,10,0,0
20/10/2017,26,3,0,5.862,3.269,4.648,11,18,0,0
21/10/2017,6,24,2,5.725,4.676,8.332,1,17,-1,1
21/10/2017,17,7,2,5.981,3.261,3.94,18,14,0,1
21/10/2017,19,25,2,5.876,3.236,4.736,8,10,0,0
21/10/2017,20,2,0,6.105,3.261,3.429,13,9,-1,-1
21/10/2017,22,12,0,6.564,3.202,2.745,15,12,1,0
22/10/2017,8,0,0,7.344,3.582,2.219,7,5,0,-1
22/10/2017,23,13,2,6.041,3.343,3.253,2,4,1,0
28/10/2017,2,6,0,8.683,4.363,2.049,9,1,1,1
28/10/2017,7,26,1,6.159,3.19,3.112,14,11,-1,-1
28/10/2017,15,23,2,6.011,3.219,3.463,6,2,-1,1
28/10/2017,24,20,0,5.94,3.36,3.574,17,13,-1,-1
29/10/2017,3,19,1,6.67,3.185,2.529,20,8,1,1
29/10/2017,12,8,2,5.779,3.244,3.416,12,7,1,-1
30/10/2017,4,17,2,6.435,3.146,2.682,16,20,-1,1
04/11/2017,10,25,2,6.493,2.981,2.953,20,10,-1,-1
04/11/2017,17,2,0,5.971,3.304,3.9,19,9,-1,-1
04/11/2017,19,4,0,5.762,3.427,5.814,8,16,0,1
04/11/2017,20,12,1,6.471,3.214,2.812,13,12,1,1
04/11/2017,22,3,0,6.261,3.073,3.233,15,20,-1,0
04/11/2017,26,13,0,8.554,4.281,2.068,11,4,0,1
05/11/2017,6,15,2,6.347,3.108,3.03,1,6,1,1
05/11/2017,8,24,2,5.993,3.234,3.448,7,17,-1,-1
05/11/2017,14,0,2,5.777,4.65,6.456,3,5,1,1
18/11/2017,0,23,2,6.262,3.418,2.805,5,2,-1,1
18/11/2017,2,10,2,5.78,3.277,4.536,9,18,1,1
18/11/2017,4,22,2,5.927,3.071,3.906,16,15,1,-1
18/11/2017,7,8,1,6.175,3.157,3.121,14,7,-1,1
18/11/2017,13,19,2,5.61,4.444,7.776,4,8,1,-1
18/11/2017,25,6,0,9.236,4.237,2.109,10,1,-1,1
19/11/2017,24,26,2,5.971,3.29,3.471,17,11,-1,-1
20/11/2017,3,20,1,6.048,3.062,3.212,20,13,1,0
24/11/2017,26,12,1,6.406,3.263,2.754,11,12,-1,-1
25/11/2017,7,20,2,5.923,3.235,3.694,14,13,0,0
25/11/2017,13,6,1,6.009,3.362,3.338,4,1,1,1
25/11/2017,17,24,0,6.023,3.249,3.365,20,17,-1,1
25/11/2017,22,2,1,6.446,3.173,2.758,15,9,-1,1
26/11/2017,4,0,0,9.081,4.511,2.056,16,5,1,1
26/11/2017,19,8,2,5.679,3.252,4.386,8,7,-1,0
28/11/2017,3,7,1,6.337,3.071,2.928,20,14,-1,1
28/11/2017,12,23,2,8.137,3.966,2.097,12,2,0,0
28/11/2017,24,15,0,8.388,4.049,2.094,17,6,1,1
28/11/2017,25,17,1,6.137,3.048,3.286,10,20,0,-1
29/11/2017,2,4,0,5.769,3.207,3.956,9,16,0,-1
29/11/2017,8,26,2,6.107,3.204,3.189,7,11,-1,0
29/11/2017,20,13,0,9.301,4.655,2.04,13,4,-1,0
02/12/2017,0,15,0,6.238,3.22,2.971,5,6,1,1
02/12/2017,3,13,0,9.855,4.77,2.114,18,4,0,1
02/12/2017,8,10,2,5.58,3.471,5.086,7,20,1,-1
02/12/2017,12,4,2,5.768,3.364,4.508,12,16,1,1
02/12/2017,20,22,2,5.834,3.224,4.115,13,15,-1,-1
02/12/2017,24,23,1,8.191,4.081,2.091,17,2,-1,-1
02/12/2017,25,7,1,6.227,3.061,3.085,10,14,0,0
03/12/2017,2,19,1,6.611,3.173,2.603,9,8,-1,-1
09/12/2017,4,24,2,6.603,3.136,2.965,16,17,-1,0
09/12/2017,7,2,1,6.244,3.259,3.702,14,9,0,0
09/12/2017,10,3,2,6.674,2.981,3.001,18,19,-1,-1
09/12/2017,17,12,0,6.661,3.205,2.819,18,12,-1,1
09/12/2017,22,25,2,6.677,2.988,2.96,15,10,-1,0
09/12/2017,26,6,2,10.214,4.714,2.121,11,1,-1,1
10/12/2017,15,14,0,7.237,3.469,2.347,6,3,1,1
10/12/2017,19,0,1,7.716,3.685,2.176,8,5,0,-1
12/12/2017,4,20,2,6.423,3.09,3.376,16,13,1,-1
12/12/2017,7,24,2,6.46,3.316,3.149,14,17,0,-1
13/12/2017,17,8,0,6.529,3.192,3.083,20,7,-1,0
13/12/2017,19,12,0,6.274,3.244,3.653,8,12,0,1
13/12/2017,26,0,1,8.869,4.314,2.052,11,5,1,0
16/12/2017,3,4,1,6.31,2.954,3.106,19,16,-1,1
16/12/2017,6,19,2,5.594,4.53,8.068,1,8,1,-1
16/12/2017,12,7,0,5.805,3.398,4.117,12,14,1,1
16/12/2017,14,23,2,5.66,4.152,5.614,3,2,1,1
16/12/2017,20,26,0,6.07,3.183,3.285,13,11,-1,0
16/12/2017,24,10,0,5.739,3.467,4.642,17,20,-1,-1
17/12/2017,2,13,0,9.365,4.728,2.054,9,4,-1,0
17/12/2017,25,15,0,9.279,4.228,2.107,10,6,0,1
18/12/2017,8,22,2,5.584,3.42,5.025,7,15,1,-1
22/12/2017,0,13,1,6.383,3.499,2.795,5,4,1,1
23/12/2017,3,24,2,6.337,3.088,2.931,18,17,0,-1
23/12/2017,4,23,0,9.666,4.425,2.146,16,2,0,-1
23/12/2017,8,6,1,8.845,4.116,2.113,7,1,1,1
23/12/2017,12,15,1,7.79,3.732,2.151,12,6,-1,1
23/12/2017,19,10,1,5.644,3.615,5.954,8,18,-1,1
23/12/2017,20,25,2,6.093,3.114,3.326,13,10,-1,-1
23/12/2017,22,7,1,6.823,3.179,2.519,15,14,-1,1
23/12/2017,26,17,0,5.945,3.215,3.684,11,19,1,-1
26/12/2017,2,26,1,6.552,3.204,2.731,9,11,-1,-1
26/12/2017,10,20,1,6.344,3.11,3.044,20,13,0,1
26/12/2017,23,19,2,5.732,4.667,8.587,2,8,1,0
26/12/2017,24,12,2,6.416,3.345,2.804,17,12,-1,0
26/12/2017,25,8,1,6.35,3.092,3.049,10,7,-1,0
28/12/2017,7,0,0,8.051,3.967,2.088,14,5,0,0
30/12/2017,2,8,2,6.269,3.175,3.121,9,7,0,0
30/12/2017,10,4,1,6.257,2.991,3.32,18,16,0,0
30/12/2017,13,12,2,5.769,5.3,8.912,4,12,1,-1
30/12/2017,15,19,1,5.725,4.672,8.321,6,8,0,-1
30/12/2017,17,3,1,5.975,3.101,3.645,20,18,-1,-1
30/12/2017,24,22,0,5.801,3.485,5.087,17,15,1,-1
31/12/2017,25,0,1,8.31,4.037,2.078,10,5,0,1
01/01/2018,3,2,1,6.145,3.05,3.252,20,9,0,1
01/01/2018,4,13,0,9.916,4.694,2.122,16,4,0,1
01/01/2018,8,15,0,8.413,3.735,2.167,7,6,-1,0
01/01/2018,12,10,2,5.679,3.618,5.158,12,20,-1,0
01/01/2018,20,17,0,6.1,3.176,3.261,13,20,-1,0
02/01/2018,19,7,0,5.873,3.281,3.833,8,14,0,0
02/01/2018,26,25,2,5.848,3.215,4.011,11,10,0,0
03/01/2018,0,6,1,6.427,3.343,2.658,5,1,0,1
13/01/2018,7,4,2,5.985,3.111,4.052,14,16,1,-1
13/01/2018,10,26,0,6.581,3.044,2.948,18,11,-1,0
13/01/2018,17,22,1,5.948,3.192,4.193,20,15,1,-1
13/01/2018,24,19,1,6.359,3.25,2.931,17,8,-1,-1
13/01/2018,25,3,2,6.049,2.953,3.965,10,20,-1,0
14/01/2018,2,0,2,8.118,4.14,2.054,9,5,0,0
14/01/2018,13,14,2,6.82,3.566,2.372,4,3,1,1
20/01/2018,0,7,2,5.858,4.144,6.235,5,14,-1,1
20/01/2018,3,6,0,9.429,4.149,2.133,19,1,-1,0
20/01/2018,4,15,0,9.895,4.281,2.152,16,6,-1,1
20/01/2018,8,25,1,6.201,3.051,3.725,7,10,-1,1
20/01/2018,12,24,2,6.03,3.552,4.071,12,17,0,0
20/01/2018,20,10,2,6.132,3.181,3.823,13,18,-1,-1
20/01/2018,26,2,1,6.017,3.395,3.687,11,9,1,1
21/01/2018,19,23,1,8.886,4.162,2.072,8,2,0,1
30/01/2018,22,0,2,10.017,4.731,2.123,15,5,1,1
30/01/2018,26,7,1,6.84,3.246,2.6,11,14,0,-1
31/01/2018,8,12,2,6.94,3.147,2.65,7,12,0,1
31/01/2018,17,4,1,6.323,3.041,3.672,19,16,-1,-1
31/01/2018,19,3,1,6.044,3.258,5.196,8,18,0,-1
31/01/2018,20,24,1,6.388,3.319,3.26,13,17,1,-1
31/01/2018,23,15,2,6.45,3.209,3.196,2,6,0,1
03/02/2018,2,20,2,6.3,3.415,3.947,9,13,1,0
03/02/2018,3,26,2,6.436,2.967,3.42,19,11,0,0
03/02/2018,12,22,1,6.18,3.375,4.767,12,15,-1,1
03/02/2018,25,19,0,6.736,3.088,3.007,10,8,-1,0
04/02/2018,7,17,1,6.365,3.188,3.824,14,18,0,0
04/02/2018,13,23,1,6.452,3.493,3.315,4,2,1,1
05/02/2018,24,6,2,9.331,4.234,2.085,17,1,0,-1
10/02/2018,8,7,2,6.513,3.099,3.339,7,14,-1,0
10/02/2018,20,3,1,6.571,3.072,3.483,13,20,-1,1
10/02/2018,22,4,2,6.741,2.935,3.238,15,16,0,0
10/02/2018,23,0,2,6.512,3.566,3.365,2,5,0,1
10/02/2018,26,24,2,6.8,3.19,2.917,11,17,-1,1
11/02/2018,10,2,2,7.357,3.199,2.509,18,9,-1,1
11/02/2018,17,15,2,9.29,4.069,2.085,19,6,0,1
11/02/2018,19,13,0,8.348,3.911,2.098,8,4,1,0
12/02/2018,6,25,2,5.806,4.504,7.985,1,10,-1,-1
24/02/2018,2,17,1,6.526,3.277,3.509,9,18,-1,1
24/02/2018,3,22,2,6.511,3.013,3.822,20,15,0,1
24/02/2018,4,19,1,7.063,3.063,2.766,16,8,-1,-1
24/02/2018,12,20,1,6.273,3.544,4.756,12,13,-1,0
24/02/2018,24,8,2,6.507,3.199,3.302,17,7,-1,1
24/02/2018,25,10,0,6.393,3.128,4.236,10,19,-1,1
25/02/2018,7,23,0,10.303,4.73,2.101,14,2,-1,1
25/02/2018,15,6,2,6.519,3.135,3.32,6,1,-1,1
01/03/2018,0,14,0,8.171,4.002,2.068,5,3,-1,1
03/03/2018,4,8,2,6.473,3.01,3.161,16,7,0,-1
03/03/2018,12,2,1,6.155,3.486,4.066,12,9,0,0
03/03/2018,19,20,1,6.072,3.452,4.805,8,13,0,0
03/03/2018,22,26,2,6.61,3.119,2.987,15,11,-1,-1
03/03/2018,24,25,2,6.292,3.172,3.659,17,10,1,-1
04/03/2018,3,0,2,7.866,3.771,2.15,20,5,1,-1
04/03/2018,14,6,2,6.01,3.87,5.302,3,1,1,-1
05/03/2018,7,15,0,9.777,4.394,2.112,14,6,-1,1
10/03/2018,8,3,2,6.562,3.071,3.6,7,18,-1,1
10/03/2018,10,22,1,6.676,3.039,3.126,20,15,-1,1
10/03/2018,15,13,2,6.972,3.26,2.746,6,4,1,1
10/03/2018,17,19,2,7.0,3.115,2.791,19,8,-1,0
10/03/2018,25,12,0,7.176,3.195,2.62,10,12,-1,0
10/03/2018,26,4,0,6.515,3.08,3.44,11,16,-1,1
11/03/2018,0,24,2,6.317,4.262,6.345,5,17,-1,1
11/03/2018,2,23,0,9.903,4.681,2.042,9,2,0,1
17/03/2018,2,25,2,6.577,3.348,4.334,9,10,-1,-1
17/03/2018,10,7,0,7.307,3.115,2.711,18,14,0,-1
17/03/2018,20,8,0,6.872,3.163,3.035,13,7,-1,1
31/03/2018,3,12,0,6.883,3.134,2.734,20,12,-1,1
31/03/2018,7,13,0,10.021,4.705,2.042,14,4,1,1
31/03/2018,17,10,2,6.166,3.313,4.812,18,18,1,-1
31/03/2018,24,2,1,6.564,3.273,3.056,17,9,-1,1
31/03/2018,25,4,0,6.754,3.002,2.979,10,16,-1,1
31/03/2018,26,19,2,6.946,3.182,2.661,11,8,-1,-1
01/04/2018,0,20,2,6.091,5.125,9.047,5,13,1,-1
01/04/2018,6,23,0,6.589,3.22,3.048,1,2,1,1
07/04/2018,2,7,1,7.028,3.291,2.918,9,14,0,-1
07/04/2018,3,10,1,6.563,3.25,4.539,20,19,-1,-1
07/04/2018,8,13,1,8.265,3.707,2.159,7,4,-1,1
07/04/2018,12,17,0,6.646,3.302,3.944,12,19,1,1
07/04/2018,14,15,0,6.287,3.464,4.018,3,6,1,1
07/04/2018,24,4,0,6.899,3.081,3.267,17,16,0,1
07/04/2018,25,22,1,6.946,3.1,3.165,10,15,-1,-1
08/04/2018,0,19,2,6.327,4.017,5.632,5,8,1,-1
14/04/2018,4,12,2,7.15,3.099,2.886,16,12,1,-1
14/04/2018,7,3,2,6.487,3.253,4.316,14,18,0,0
14/04/2018,10,24,2,7.135,3.117,2.871,20,17,0,-1
14/04/2018,19,6,0,8.49,3.742,2.146,8,1,-1,0
14/04/2018,22,8,1,6.837,3.099,3.007,15,7,0,0
14/04/2018,23,14,0,7.183,3.434,2.664,2,3,1,-1
15/04/2018,17,0,2,7.539,3.533,2.349,18,5,1,1
16/04/2018,26,20,1,6.681,3.267,3.82,11,13,0,-1
17/04/2018,3,23,1,10.124,4.524,2.085,18,2,-1,-1
18/04/2018,2,15,0,9.123,4.007,2.086,9,6,-1,-1
19/04/2018,4,6,0,8.445,3.585,2.19,16,1,1,1
19/04/2018,12,19,1,7.048,3.307,3.024,12,8,-1,-1
21/04/2018,24,7,1,7.481,3.283,2.585,17,14,-1,1
22/04/2018,0,26,2,6.572,4.138,5.482,5,11,-1,0
22/04/2018,20,4,1,7.002,3.146,3.274,13,16,0,-1
23/04/2018,8,17,2,6.666,3.15,3.243,7,20,0,1
28/04/2018,4,3,1,6.923,3.053,3.548,16,20,0,0
28/04/2018,7,12,2,6.844,3.31,3.576,14,12,0,0
28/04/2018,10,8,0,7.091,3.007,3.005,20,7,1,1
28/04/2018,13,20,1,6.522,5.081,9.046,4,13,0,0
28/04/2018,17,25,0,6.684,3.309,4.354,20,10,-1,0
28/04/2018,19,2,2,6.629,3.64,4.667,8,9,0,-1
29/04/2018,15,0,2,6.515,4.224,7.115,6,5,1,1
04/05/2018,3,15,2,8.724,3.694,2.155,18,6,0,1
05/05/2018,2,22,2,6.885,3.369,3.398,9,15,-1,-1
05/05/2018,8,19,1,7.337,3.227,2.641,7,8,1,1
05/05/2018,12,26,0,6.979,3.274,3.232,12,11,-1,-1
05/05/2018,20,7,0,7.277,3.261,2.77,13,14,0,1
05/05/2018,24,17,2,7.05,3.202,3.105,17,20,-1,-1
06/05/2018,0,4,2,6.425,3.89,5.954,5,16,-1,0
06/05/2018,6,13,2,6.98,3.375,3.166,1,4,1,0
08/05/2018,22,19,0,7.463,3.208,2.57,15,8,-1,0
09/05/2018,12,0,2,8.101,3.791,2.178,12,5,-1,1
10/05/2018,26,15,1,8.801,3.86,2.111,11,6,1,-1
13/05/2018,4,2,0,6.7,3.284,3.35,16,9,-1,1
13/05/2018,7,25,2,6.445,3.555,4.411,14,10,1,1
13/05/2018,10,0,0,9.464,4.481,2.047,20,5,0,-1
13/05/2018,15,24,2,6.334,4.892,8.208,6,17,0,1
13/05/2018,17,6,2,9.703,4.369,2.088,18,1,-1,0
13/05/2018,22,20,0,6.515,3.5,3.919,15,13,-1,-1
13/05/2018,23,12,2,6.333,5.28,8.557,2,12,1,1
13/05/2018,26,8,2,6.747,3.304,2.983,11,7,0,0
10/08/2018,15,12,2,6.689,7.483,6.007,2,9,0,0
11/08/2018,2,5,2,6.552,7.232,3.881,12,19,0,0
11/08/2018,9,7,0,6.742,7.169,2.8,19,11,0,0
11/08/2018,10,6,0,9.071,8.001,2.156,16,5,0,0
11/08/2018,17,23,0,7.552,7.373,2.266,10,3,0,0
11/08/2018,24,3,2,6.69,6.894,3.15,14,15,0,0
11/08/2018,27,8,1,6.568,6.868,3.043,18,8,0,0
12/08/2018,0,14,0,7.591,7.473,2.122,6,1,0,0
12/08/2018,19,4,1,6.547,7.054,4.295,17,7,0,0
18/08/2018,5,17,1,7.335,7.042,2.599,19,10,-1,-1
18/08/2018,6,0,2,6.744,7.605,3.799,5,6,1,-1
18/08/2018,8,19,2,6.677,7.15,3.933,8,17,0,0
18/08/2018,12,27,2,6.8,7.304,3.433,9,18,-1,0
18/08/2018,23,9,2,7.417,9.088,9.057,3,20,1,-1
18/08/2018,26,2,0,6.805,7.49,3.269,13,12,-1,1
19/08/2018,3,15,2,8.837,7.775,2.215,15,2,-1,1
19/08/2018,4,24,0,7.059,6.939,3.165,7,14,0,1
20/08/2018,7,13,0,9.88,8.742,2.068,11,4,1,1
25/08/2018,0,26,2,7.075,7.951,6.853,6,13,-1,-1
25/08/2018,2,8,1,7.032,7.32,2.598,12,8,1,1
25/08/2018,10,5,1,6.906,6.918,3.337,16,18,-1,0
25/08/2018,19,12,0,6.935,7.179,3.003,17,9,-1,1
26/08/2018,9,4,2,6.574,6.883,3.753,18,7,-1,-1
26/08/2018,17,6,0,8.912,8.163,2.112,10,5,0,1
26/08/2018,24,7,2,7.127,7.199,2.816,14,11,1,-1
27/08/2018,15,23,0,7.138,7.355,2.747,2,3,-1,1
01/09/2018,3,9,1,6.527,7.024,3.118,15,18,-1,1
01/09/2018,6,2,2,7.065,8.506,8.244,5,12,1,0
01/09/2018,7,19,0,6.335,6.821,3.719,11,17,-1,-1
01/09/2018,8,10,1,6.478,7.281,6.118,8,16,0,0
01/09/2018,12,13,0,9.81,8.775,2.143,9,4,1,1
01/09/2018,26,27,0,6.767,7.203,2.733,13,19,-1,0
02/09/2018,4,15,0,8.73,7.649,2.192,7,2,-1,-1
02/09/2018,5,0,0,8.96,8.06,2.105,19,6,0,1
02/09/2018,24,23,2,8.534,7.915,2.068,14,3,1,1
15/09/2018,2,12,2,6.713,7.222,2.83,12,9,-1,-1
15/09/2018,10,7,0,7.269,7.055,2.559,16,11,0,-1
15/09/2018,17,0,0,7.717,7.512,2.139,10,6,-1,1
15/09/2018,23,13,0,7.047,7.315,2.339,3,4,-1,1
15/09/2018,24,15,0,7.917,7.655,2.196,14,2,1,1
16/09/2018,8,26,0,6.567,7.209,3.338,8,13,0,-1
16/09/2018,27,4,2,6.574,7.132,4.704,18,7,1,-1
17/09/2018,19,3,1,6.475,6.85,3.5,17,15,1,0
22/09/2018,3,23,0,8.34,7.943,2.101,15,3,0,-1
22/09/2018,4,2,2,7.075,7.314,2.547,7,12,-1,1
22/09/2018,7,17,1,6.7,7.241,3.363,11,10,1,-1
22/09/2018,9,24,1,6.873,7.339,2.724,18,14,-1,-1
22/09/2018,12,10,2,6.734,7.573,5.359,9,16,-1,-1
22/09/2018,15,27,1,6.713,7.782,5.268,2,20,1,1
23/09/2018,0,8,2,6.661,7.375,5.689,6,8,1,-1
23/09/2018,26,6,1,9.002,8.37,2.04,13,5,1,1
29/09/2018,0,24,2,6.764,7.508,5.565,6,14,1,0
29/09/2018,6,13,1,7.063,7.323,2.46,5,4,0,1
29/09/2018,8,9,2,6.429,7.356,3.944,8,18,-1,0
29/09/2018,10,23,0,10.314,8.79,2.202,16,3,-1,1
29/09/2018,17,12,0,6.913,7.212,2.822,10,9,0,1
29/09/2018,26,15,2,7.924,7.686,2.143,13,2,0,0
29/09/2018,27,19,2,6.681,7.336,4.203,19,17,0,-1
30/09/2018,5,4,0,6.913,6.945,2.996,19,7,-1,1
01/10/2018,2,7,2,6.641,7.22,3.007,12,11,-1,0
05/10/2018,3,26,2,6.507,6.783,2.725,15,13,-1,1
06/10/2018,4,10,1,6.28,6.445,3.778,7,16,1,-1
06/10/2018,7,27,0,6.537,6.639,2.632,11,19,-1,1
06/10/2018,12,8,0,6.173,6.734,3.166,9,8,1,1
06/10/2018,15,17,2,6.419,7.557,6.585,2,10,-1,-1
06/10/2018,24,2,0,6.266,6.947,3.139,14,12,-1,1
07/10/2018,9,0,0,7.746,7.202,2.005,19,6,-1,1
07/10/2018,13,14,1,6.338,6.743,2.644,4,1,0,1
07/10/2018,19,6,0,8.557,7.766,2.113,17,5,-1,0
20/10/2018,2,19,1,6.449,7.087,3.347,12,17,1,-1
20/10/2018,5,9,2,6.741,7.121,2.766,20,18,-1,-1
20/10/2018,6,15,1,6.443,7.22,4.32,5,2,1,1
20/10/2018,17,3,0,6.506,6.664,3.464,10,15,-1,1
20/10/2018,26,23,0,7.488,7.375,2.121,13,3,-1,1
20/10/2018,27,24,0,6.429,7.093,4.537,20,14,1,-1
21/10/2018,8,7,2,6.426,7.032,4.01,8,11,1,-1
22/10/2018,0,12,2,6.497,6.881,5.199,6,9,1,-1
27/10/2018,3,27,2,7.033,6.622,2.56,15,19,1,-1
27/10/2018,9,2,0,6.849,6.905,2.381,18,12,-1,0
27/10/2018,12,26,1,6.481,6.737,3.335,9,13,-1,-1
27/10/2018,19,17,1,6.492,6.616,3.497,17,10,0,-1
27/10/2018,24,10,2,6.439,6.854,4.48,14,16,1,-1
28/10/2018,7,0,1,7.932,7.381,2.049,11,6,-1,1
28/10/2018,15,8,2,6.419,6.998,4.366,2,8,0,1
29/10/2018,23,14,0,7.974,7.309,2.052,3,1,1,1
03/11/2018,0,13,1,7.248,7.278,2.179,6,4,0,1
03/11/2018,2,15,0,7.281,7.214,2.233,12,2,1,1
03/11/2018,5,12,0,7.338,7.049,2.347,19,9,-1,0
03/11/2018,8,3,2,6.518,7.285,5.302,8,15,-1,1
03/11/2018,17,24,2,6.754,6.856,2.736,10,14,0,1
03/11/2018,26,4,2,6.448,7.105,4.4,13,7,0,-1
03/11/2018,27,23,0,6.949,6.558,2.469,18,3,-1,-1
05/11/2018,10,9,2,6.325,6.724,3.031,16,20,-1,-1
10/11/2018,5,3,2,6.578,6.55,2.948,19,15,-1,-1
10/11/2018,7,23,0,7.861,7.406,2.127,11,3,-1,1
10/11/2018,10,26,1,7.144,6.955,2.449,16,13,1,1
10/11/2018,12,4,1,6.595,7.552,5.971,9,7,1,-1
10/11/2018,17,2,2,6.819,6.977,2.576,10,12,1,-1
10/11/2018,19,24,1,6.632,6.894,2.875,17,14,-1,-1
11/11/2018,0,27,1,6.437,7.334,4.645,6,19,0,-1
11/11/2018,6,8,1,6.643,7.588,6.36,5,8,1,1
11/11/2018,14,15,2,6.693,7.728,6.547,1,2,1,1
24/11/2018,3,12,1,6.843,6.887,2.665,15,9,-1,0
24/11/2018,8,5,2,6.689,7.893,6.772,8,18,0,1
24/11/2018,9,19,2,6.711,7.007,2.668,20,17,-1,0
24/11/2018,15,7,1,6.71,7.981,6.819,2,11,-1,-1
24/11/2018,23,6,2,6.817,7.055,2.508,3,5,1,0
24/11/2018,24,13,0,8.967,8.105,2.09,14,4,0,1
25/11/2018,2,0,0,7.298,7.041,2.141,12,6,-1,0
25/11/2018,27,10,0,6.629,7.407,6.52,20,16,0,0
26/11/2018,4,17,0,6.827,6.693,2.714,7,10,0,1
30/11/2018,5,27,2,7.315,6.88,2.42,20,18,-1,-1
01/12/2018,7,4,2,6.499,7.096,5.292,11,7,0,-1
01/12/2018,10,3,0,6.625,6.435,3.22,16,15,1,0
01/12/2018,12,24,2,6.535,6.755,3.172,9,14,0,-1
01/12/2018,17,26,0,6.636,6.765,2.907,10,13,1,-1
01/12/2018,19,15,1,7.686,7.195,2.199,17,2,-1,0
02/12/2018,0,23,2,6.71,6.777,2.564,6,3,1,1
02/12/2018,13,8,2,6.717,7.847,6.988,4,8,1,1
04/12/2018,2,10,2,6.457,7.05,4.741,12,16,-1,-1
04/12/2018,3,7,2,6.865,6.566,2.729,15,11,1,1
04/12/2018,26,5,2,6.224,6.991,4.823,13,20,1,1
05/12/2018,8,17,1,6.515,7.138,5.478,8,10,-1,-1
05/12/2018,9,12,1,6.928,6.959,2.426,18,9,-1,1
05/12/2018,15,0,1,6.602,6.929,2.754,2,6,0,1
05/12/2018,23,19,2,6.765,7.982,7.372,3,17,-1,0
05/12/2018,27,6,2,8.105,7.393,2.137,18,5,-1,1
08/12/2018,2,13,0,8.774,7.628,2.05,12,4,1,1
08/12/2018,4,3,2,6.824,6.579,2.747,7,15,-1,1
08/12/2018,5,19,2,6.845,6.775,2.624,19,17,-1,-1
08/12/2018,6,14,2,7.527,7.29,2.146,5,1,-1,1
08/12/2018,12,23,0,7.448,7.161,2.206,9,3,0,1
08/12/2018,15,9,2,6.837,8.266,7.645,2,18,0,0
08/12/2018,26,7,2,6.531,6.808,3.1,13,11,1,-1
09/12/2018,17,27,0,6.849,6.596,2.692,10,20,0,1
10/12/2018,8,24,1,6.421,7.065,4.23,8,14,0,-1
15/12/2018,7,12,2,6.483,6.567,2.872,11,9,-1,-1
15/12/2018,9,26,0,6.667,6.917,2.405,20,13,-1,1
15/12/2018,10,17,0,6.485,6.385,2.987,16,10,-1,-1
15/12/2018,24,5,2,6.255,7.033,4.971,14,19,0,1
15/12/2018,27,2,2,6.0,6.776,3.627,19,12,1,-1
16/12/2018,3,6,0,9.571,8.092,2.195,15,5,-1,1
16/12/2018,13,15,2,6.292,7.383,5.22,4,2,1,1
16/12/2018,19,0,2,7.32,7.134,2.113,17,6,-1,1
21/12/2018,27,13,0,9.036,7.724,2.2,18,4,1,1
22/12/2018,2,3,2,6.206,6.825,3.809,12,15,-1,-1
22/12/2018,5,15,0,8.737,7.737,2.127,19,2,-1,-1
22/12/2018,6,12,0,6.718,8.095,8.502,5,9,1,-1
22/12/2018,10,19,0,6.73,6.574,2.64,16,17,-1,1
22/12/2018,17,9,1,6.213,6.802,3.558,10,18,1,-1
22/12/2018,26,24,0,6.23,6.689,2.877,13,14,1,1
23/12/2018,8,23,0,6.828,6.762,2.351,8,3,-1,1
26/12/2018,3,0,1,8.217,7.53,2.104,15,6,-1,1
26/12/2018,4,8,0,7.698,7.128,2.218,7,8,-1,-1
26/12/2018,7,5,1,6.353,7.16,4.826,11,19,1,-1
26/12/2018,9,27,1,6.947,6.858,2.444,19,18,0,-1
26/12/2018,23,2,2,6.703,8.203,7.558,3,12,1,1
26/12/2018,24,6,0,8.095,7.487,2.104,14,5,1,-1
27/12/2018,19,26,0,6.42,6.895,2.994,17,13,1,-1
29/12/2018,3,8,2,7.084,6.94,2.333,15,8,0,1
29/12/2018,9,10,2,6.348,6.614,3.601,18,16,0,-1
29/12/2018,12,5,0,6.41,7.319,5.224,9,19,1,0
29/12/2018,13,0,2,6.439,7.74,5.272,4,6,1,0
29/12/2018,23,27,0,6.707,7.92,7.592,3,19,1,0
29/12/2018,24,17,1,6.309,6.971,4.046,14,10,-1,-1
30/12/2018,4,26,2,6.883,6.851,2.342,7,13,-1,1
30/12/2018,7,6,0,8.114,7.503,2.11,11,5,0,1
30/12/2018,15,2,2,6.676,8.15,7.475,2,12,1,-1
01/01/2019,0,9,2,6.606,8.222,7.491,6,19,-1,1
01/01/2019,5,23,0,9.454,8.053,2.123,18,3,1,-1
01/01/2019,8,12,0,6.241,6.727,3.553,8,9,-1,-1
02/01/2019,2,24,1,6.467,6.839,2.644,12,14,-1,0
02/01/2019,10,4,0,6.265,6.378,3.656,16,7,-1,1
02/01/2019,17,15,0,8.668,7.689,2.066,10,2,0,1
02/01/2019,26,3,1,6.203,6.834,3.59,13,15,-1,1
02/01/2019,27,7,0,6.24,6.533,3.734,19,11,1,-1
03/01/2019,14,13,2,6.252,6.984,3.126,1,4,1,1
12/01/2019,4,9,2,6.581,6.964,3.047,7,19,1,-1
12/01/2019,5,10,1,6.522,6.755,3.386,19,16,-1,-1
12/01/2019,7,24,0,6.521,7.023,3.178,11,14,1,0
12/01/2019,12,19,0,6.426,7.109,3.821,9,17,1,0
12/01/2019,26,0,2,7.245,7.411,2.161,13,6,0,1
13/01/2019,8,2,2,6.419,7.381,4.062,8,12,-1,0
13/01/2019,23,15,0,6.477,7.198,3.248,3,2,1,1
19/01/2019,0,6,2,6.738,7.053,2.349,6,5,-1,1
19/01/2019,2,26,2,6.353,6.895,2.78,12,13,-1,1
19/01/2019,15,3,2,6.797,8.389,8.982,2,15,1,-1
19/01/2019,17,5,2,6.238,6.729,3.906,10,20,-1,0
19/01/2019,19,8,2,6.527,6.848,2.633,17,8,1,1
19/01/2019,24,4,1,6.231,7.204,4.801,14,7,1,1
19/01/2019,27,12,2,6.342,6.549,3.198,18,9,-1,-1
20/01/2019,9,23,0,8.197,7.405,2.161,19,3,-1,-1
29/01/2019,9,3,2,6.368,6.709,3.091,18,15,-1,-1
29/01/2019,10,8,0,7.332,6.944,2.319,16,8,-1,-1
29/01/2019,27,26,2,6.257,6.855,3.405,20,13,1,-1
30/01/2019,2,6,2,8.338,7.767,2.079,12,5,1,-1
30/01/2019,19,7,1,6.349,6.803,2.979,17,11,1,-1
30/01/2019,23,24,2,6.227,7.196,4.785,3,14,1,0
02/02/2019,3,24,1,6.342,6.642,2.833,15,14,-1,-1
02/02/2019,4,19,1,6.343,6.707,2.782,7,17,0,0
02/02/2019,5,2,2,6.706,6.864,2.38,20,12,-1,1
02/02/2019,7,9,2,6.116,6.776,3.475,11,20,0,1
02/02/2019,8,27,0,6.249,6.685,2.976,8,20,1,1
02/02/2019,23,17,2,6.404,7.465,7.201,3,10,1,1
03/02/2019,12,15,0,6.981,6.924,2.266,9,2,0,0
03/02/2019,14,0,2,6.573,8.488,7.369,1,6,-1,1
04/02/2019,26,13,1,9.93,8.733,2.157,13,4,-1,0
09/02/2019,3,4,0,6.012,6.504,3.727,15,7,0,0
09/02/2019,7,26,1,6.024,6.621,3.354,11,13,1,0
09/02/2019,9,15,0,8.044,7.517,2.049,20,2,-1,1
09/02/2019,10,0,0,8.26,7.634,2.096,16,6,-1,-1
09/02/2019,19,5,0,5.982,6.802,4.321,17,18,0,1
09/02/2019,24,8,2,6.123,6.637,2.957,14,8,0,-1
10/02/2019,14,6,2,6.1,7.241,5.518,1,5,1,1
10/02/2019,23,12,2,5.996,6.889,4.641,3,9,1,-1
11/02/2019,27,17,1,6.002,6.772,4.898,19,10,1,-1
22/02/2019,5,24,0,6.382,6.556,2.49,19,14,1,1
22/02/2019,26,9,2,5.982,6.823,3.562,13,19,0,-1
23/02/2019,2,27,1,6.383,6.601,2.603,12,18,-1,0
23/02/2019,4,23,2,8.027,7.304,2.119,7,3,1,1
23/02/2019,12,7,0,5.95,6.421,3.279,9,11,-1,0
23/02/2019,17,10,2,5.873,6.447,4.528,10,16,0,-1
24/02/2019,0,19,2,5.963,7.161,5.626,6,17,1,-1
24/02/2019,15,13,1,6.528,6.773,2.385,2,4,1,1
26/02/2019,5,8,0,7.032,6.85,2.328,19,8,-1,-1
26/02/2019,10,27,2,7.89,6.938,2.282,16,19,-1,0
26/02/2019,12,3,2,6.106,6.713,3.927,9,15,-1,-1
26/02/2019,17,4,2,6.163,6.59,3.503,10,7,1,1
27/02/2019,0,2,2,6.257,7.634,6.168,6,12,1,0
27/02/2019,6,23,2,6.226,6.761,2.96,5,3,-1,-1
27/02/2019,7,15,0,6.689,6.855,2.386,11,2,1,0
27/02/2019,19,9,2,6.095,6.811,3.756,17,20,-1,-1
02/03/2019,3,10,2,6.006,6.47,4.514,15,16,-1,1
02/03/2019,4,7,0,6.359,6.558,2.652,7,11,-1,-1
02/03/2019,15,19,2,6.181,7.357,6.552,2,17,1,1
02/03/2019,23,0,1,5.898,6.763,3.297,3,6,-1,1
02/03/2019,26,17,2,6.029,6.526,3.323,13,10,-1,1
02/03/2019,27,5,2,6.117,7.169,6.13,19,18,-1,-1
03/03/2019,8,13,1,8.279,7.518,2.118,8,4,1,1
03/03/2019,9,6,0,8.772,7.948,2.085,18,5,-1,1
03/03/2019,24,12,2,6.192,6.57,2.86,14,9,-1,1
09/03/2019,5,26,2,6.766,6.759,2.314,18,13,-1,1
09/03/2019,7,3,0,5.98,6.632,4.214,11,15,1,1
09/03/2019,10,2,0,6.739,6.626,2.428,16,12,-1,-1
09/03/2019,12,9,2,6.015,7.21,4.854,9,19,-1,-1
09/03/2019,17,8,2,6.353,6.475,2.746,10,8,-1,0
09/03/2019,19,23,2,7.321,7.144,2.136,17,3,-1,0
10/03/2019,0,15,2,6.156,6.739,2.76,6,2,0,1
10/03/2019,6,27,1,6.08,7.067,5.75,5,18,1,1
16/03/2019,2,17,1,6.136,6.719,3.386,12,10,1,1
16/03/2019,4,12,0,6.644,6.762,2.461,7,9,-1,1
16/03/2019,26,10,2,6.176,7.173,5.605,13,16,-1,-1
17/03/2019,8,6,2,7.325,7.111,2.179,8,5,-1,0
30/03/2019,3,19,0,6.125,6.189,2.953,15,17,1,1
30/03/2019,4,27,2,6.576,6.535,2.535,7,18,-1,0
30/03/2019,7,10,2,6.214,7.238,6.878,11,16,-1,-1
30/03/2019,12,2,2,5.982,6.833,3.826,9,12,1,0
30/03/2019,15,24,2,6.165,7.435,6.477,2,14,-1,-1
30/03/2019,26,8,0,6.216,6.659,2.714,13,8,1,1
31/03/2019,5,6,0,9.979,8.221,2.231,20,5,1,-1
31/03/2019,13,23,2,6.009,7.103,4.87,4,3,1,-1
01/04/2019,0,17,2,6.157,7.608,7.105,6,10,1,0
02/04/2019,24,9,2,6.082,6.696,4.205,14,18,-1,-1
02/04/2019,27,15,2,7.318,7.044,2.232,20,2,-1,1
03/04/2019,23,7,2,6.258,7.483,6.052,3,11,-1,1
05/04/2019,19,13,0,10.239,8.608,2.261,17,4,1,1
06/04/2019,2,4,0,6.136,6.708,3.291,12,7,-1,1
06/04/2019,10,12,0,8.046,7.299,2.131,16,9,-1,1
06/04/2019,17,7,0,6.338,6.598,2.907,10,11,-1,-1
07/04/2019,8,0,2,6.626,6.976,2.349,8,6,1,1
08/04/2019,6,26,2,6.423,7.979,7.898,5,13,1,-1
12/04/2019,12,17,0,6.141,6.924,4.927,9,10,1,-1
13/04/2019,3,2,0,6.099,6.545,3.133,15,12,-1,-1
13/04/2019,4,5,2,6.108,6.786,3.86,7,19,1,-1
13/04/2019,9,8,2,7.726,7.447,2.08,19,8,-1,1
13/04/2019,15,26,2,6.352,7.781,6.532,2,13,-1,-1
13/04/2019,19,27,2,6.371,6.583,2.866,17,19,-1,1
14/04/2019,13,6,2,6.098,7.169,4.486,4,5,1,1
15/04/2019,24,0,0,6.601,6.843,2.25,14,6,1,-1
16/04/2019,3,5,0,5.903,6.243,3.908,15,20,-1,-1
20/04/2019,2,9,0,5.856,6.985,4.284,12,18,1,1
20/04/2019,10,24,0,7.381,7.017,2.134,16,14,-1,-1
20/04/2019,14,23,2,6.698,8.646,8.72,1,3,1,1
20/04/2019,17,19,2,6.318,6.536,3.006,10,17,1,1
20/04/2019,26,12,1,6.582,6.757,2.349,13,9,-1,-1
20/04/2019,27,3,1,6.01,6.604,4.872,19,15,-1,-1
21/04/2019,0,7,0,5.934,7.118,5.438,6,11,1,-1
21/04/2019,8,15,2,6.73,6.755,2.352,8,2,-1,1
23/04/2019,24,19,1,6.195,6.641,3.047,14,17,1,-1
24/04/2019,15,14,0,9.256,8.245,2.081,2,1,-1,1
24/04/2019,27,0,2,6.422,6.586,2.494,20,6,0,-1
27/04/2019,3,17,1,6.209,6.42,3.286,15,10,-1,1
27/04/2019,7,8,1,6.362,6.65,2.695,11,8,1,1
27/04/2019,9,5,2,6.252,6.875,2.795,20,19,1,-1
27/04/2019,19,2,1,6.081,6.953,3.64,17,12,0,-1
27/04/2019,23,26,0,6.303,7.758,6.05,3,13,1,0
27/04/2019,24,27,0,6.369,6.635,2.796,14,19,0,1
28/04/2019,12,0,2,6.425,6.832,2.481,9,6,0,-1
28/04/2019,15,6,1,6.398,6.68,2.616,2,5,-1,0
03/05/2019,8,4,2,6.016,6.835,4.849,8,7,0,-1
04/05/2019,2,23,2,7.273,7.172,2.103,12,3,0,-1
04/05/2019,5,7,0,6.374,6.83,2.592,19,11,-1,0
04/05/2019,26,19,2,6.113,6.699,2.811,13,17,1,0
04/05/2019,27,9,2,6.074,6.968,5.726,19,19,1,1
05/05/2019,0,3,1,6.251,7.535,7.075,6,15,-1,0
05/05/2019,6,24,2,6.26,7.615,6.848,5,14,0,-1
12/05/2019,4,0,0,6.59,6.887,2.244,7,6,-1,0
12/05/2019,7,2,2,6.077,7.058,3.446,11,12,1,1
12/05/2019,9,17,0,6.328,6.86,2.66,19,10,-1,-1
12/05/2019,12,6,1,6.265,6.909,2.726,9,5,-1,1
12/05/2019,13,27,2,6.619,8.266,8.563,4,20,1,1
12/05/2019,15,5,0,6.563,8.631,8.438,2,18,0,-1
12/05/2019,19,10,1,6.204,7.47,6.521,17,16,-1,0
12/05/2019,23,8,1,6.153,6.795,3.233,3,8,-1,1
12/05/2019,24,26,0,6.192,6.87,2.88,14,13,-1,1
